{
  "critic_loss": [
    -0.3465678797987027,
    -0.6792653340559739,
    -0.8169342099091945,
    -0.8470369080702463,
    -0.8635921537876129
  ],
  "gen_loss": [
    -0.030102203948608335,
    0.060669593689948294,
    0.16376570898752946,
    0.1795634110386555,
    0.1872881974165256
  ]
}