{
  "critic_loss": [
    -0.558218592713372,
    -0.9061204896523403,
    -0.8855238131987743,
    -0.8849174285546327,
    -0.8884662920083755,
    -0.894458068945469,
    -0.8978193284609379,
    -0.9002549695662964,
    -0.9017087731605921,
    -0.9027944176624982,
    -0.9034513222865569,
    -0.9045124301543602,
    -0.9048087525062072,
    -0.9055476060280433,
    -0.9060249366821387,
    -0.9063735284866431,
    -0.9067787985006969,
    -0.9069750195894486,
    -0.9072950899600982,
    -0.9074729326443794,
    -0.9076122146386366,
    -0.907689479069832,
    -0.9079182566740573,
    -0.9080004416979276,
    -0.9081989685694377,
    -0.9083111229615334,
    -0.9084845064542233,
    -0.9086129593543517,
    -0.9086671303480099,
    -0.9088986370808039,
    -0.9089214600049532,
    -0.9091175362085685,
    -0.9092407642266689,
    -0.909241511577215,
    -0.9094612642740592,
    -0.9096105703940758,
    -0.9097101940558507,
    -0.9098769941391089,
    -0.9099759026979789,
    -0.9100057152601388,
    -0.910162297426126,
    -0.9102786971972538,
    -0.9104070920210618,
    -0.9104235542126191,
    -0.9105910920179807,
    -0.9106886813273797,
    -0.9106645064476209,
    -0.9108355994407947,
    -0.9109047426627233,
    -0.9109661595943647
  ],
  "gen_loss": [
    0.055612212062090716,
    0.22457295740262057,
    0.21393128155897825,
    0.21025237895739385,
    0.21089839266660887,
    0.21273190188102234,
    0.21380399595468472,
    0.21408268473087214,
    0.214523833608016,
    0.21452782857112396,
    0.2148183224674983,
    0.2148883459659723,
    0.21499406691545095,
    0.2150487137146485,
    0.2152944654608384,
    0.21539074129019029,
    0.2156117978768471,
    0.21550671672209715,
    0.2155958924155969,
    0.2156414257028164,
    0.2156543138699654,
    0.21569592585930458,
    0.21571832100550334,
    0.21579359024763106,
    0.21579213814857678,
    0.2157887258590796,
    0.21589889652453936,
    0.21595936727065307,
    0.2160045488522603,
    0.2160377234984667,
    0.21609295732699907,
    0.21608802657096815,
    0.21611394924231064,
    0.21617712565721608,
    0.21619234413672717,
    0.21627905449041954,
    0.21635447037525665,
    0.21650629226978008,
    0.21658660012942094,
    0.21655876728204582,
    0.2165974118006535,
    0.2166737403243016,
    0.21663534668011544,
    0.21675902360524887,
    0.21669513262235202,
    0.21674559880525637,
    0.2168427708821419,
    0.21690243241878657,
    0.21697072497545145,
    0.21696374309368624
  ]
}